use CMS;

INSERT INTO CMS_CATEGORIES (category_father_id, category_id, name) VALUES
(1, 2, 'peliculas'),
(1, 3, 'series'),
(2, 4, 'super-heroes'),
(2, 5, 'fantasia'),
(2, 6, 'romance'),
(2, 7, 'terror'),
(2, 8, 'infantil'),
(3, 9, 'super-heroes'),
(3, 10, 'drama'),
(3, 11, 'anime');

INSERT INTO CMS_ARTICLES (article_id, name, description, picture, category_id) VALUES
(1, 'Iron Man 3', 'El descarado y brillante empresario Tony Stark/Iron Man se enfrentará a un enemigo cuyo poder no conoce límites. Cuando Stark comprende que su enemigo ha destruido su universo personal, se embarca en una angustiosa búsqueda para encontrar a los responsables. Este viaje pondrá a prueba su entereza una y otra vez. Acorralado, Stark tendrá que sobrevivir por sus propios medios, confiando en su ingenio y su instinto para proteger a las personas que quiere.', 'iron_man_3.jpg', 4),
(2, 'Capitán América: Civil War', 'Después de que otro incidente internacional involucre a Los Vengadores, causando varios daños colaterales, aumentan las presiones políticas para instaurar un sistema que exija más responsabilidades y que determine cuándo deben contratar los servicios del grupo de superhéroes. Esta nueva situación dividirá a Los Vengadores, mientras intentan proteger al mundo de un nuevo y terrible villano. Tercera entrega de la saga Capitán América.', 'capitan_america_civil_war.jpg', 4),
(3, 'Batman: El Caballero Oscuro', 'Batman/Bruce Wayne (Christian Bale) regresa para continuar su guerra contra el crimen. Con la ayuda del teniente Jim Gordon (Gary Oldman) y del Fiscal del Distrito Harvey Dent (Aaron Eckhart), Batman se propone destruir el crimen organizado en la ciudad de Gotham. El triunvirato demuestra su eficacia, pero, de repente, aparece Joker (Heath Ledger), un nuevo criminal que desencadena el caos y tiene aterrados a los ciudadanos.', 'batman.jpg', 4),

(4, 'Las Crónicas de Narnia', 'La historia narra las aventuras de cuatro hermanos: Lucy, Edmund, Susan y Peter que, durante la Segunda Guerra Mundial, descubren el mundo de Narnia, al que acceden a través de un armario mágico mientras juegan al escondite en la casa de campo de un viejo profesor. En Narnia descubrirán un mundo increíble habitado por animales que hablan, duendes, faunos, centauros y gigantes al que la Bruja Blanca- Jadis- ha condenado al invierno eterno. Con la ayuda del león Aslan, el noble soberano, los niños lucharán para vencer el poder que la Bruja Blanca ejerce sobre Narnia en una espectacular batalla y conseguir así liberarle de la maldición del frío.', 'narnia.jpg', 5),
(5, 'Animales Fantásticos', 'Año 1926. Newt Scamander acaba de completar un viaje por todo el mundo para encontrar y documentar una extraordinaria selección de criaturas mágicas. Llegando a Nueva York para hacer una breve parada en su camino, donde podría haber llegado y salido sin incidentes…pero no para un Muggle llamado Jacob, un caso perdido de magia, y la fuga de algunas criaturas fantásticas de Newt, que podrían causar problemas el mundo mágico y en el mundo Muggle.', 'animales.jpg', 5),
(6, 'Mi amigo el gigante', 'Sofía (Ruby Barnhill) es una niña huérfana con problemas para conciliar el sueño. Una de las muchas noches en la se encuentra dando vueltas en la cama de su orfanato decide romper una norma y asomarse a la ventana, algo completamente prohibido en la estricta institución en la que vive. Desde su ventana ve algo completamente extraordinario: un hombre de un tamaño enorme (Mark Rylance), que se asoma a las casas de la gente mientras duermen. Cuando el gigante descubre que una niña le está espiando, decide llevarse a la pequeña Sofía en la mano y viajar con ella al País de los Gigantes', 'gigante.jpeg', 5),

(7, 'Antes de ti', 'Louisa “Lou” Clark (Emilia Clarke), una chica inestable y creativa, reside en un pequeño pueblo de la campiña inglesa. Vive sin rumbo y va de un trabajo a otro para ayudar a su familia a llegar a fin de mes. Sin embargo, un nuevo trabajo pondrá a prueba su habitual alegría. En el castillo local, se ocupa de cuidar y acompañar a Will Traynor (Sam Claflin), un joven y rico banquero que se quedó paralítico tras un accidente.', 'antes.jpg', 6),
(8, 'Bajo la misma estrella', 'A pesar de que un milagro médico ha conseguido reducir su tumor y darle unos años más de vida, la adolescente Hazel (Shailene Woodley) siempre se ha considerado una enferma terminal. Sin embargo, cuando el joven Gus (Ansel Elgort) entra a formar parte del grupo de ayuda para enfermos de cáncer juvenil, la vida de Hazel se transforma por completo.', 'estrella.jpg', 6),
(9, 'Ciudades de papel', 'Quentin es un joven con mala suerte en el amor que, una noche, se topa con su legendaria, inalcanzable y enigmática vecina Margo Roth Spiegelman en la ventana de su cuarto... ¡Disfrazada de ninja! Por si no fuera suficiente, su antigua amiga le convence para una difícil misión: vengarse de todos aquellos que le han hecho daño. Al día siguiente, con Margo desaparecida, Quentin se ve obligado a digerir lo sucedido y empieza a buscar pistas sobre ella.', 'papel.jpg', 6),

(10, 'Nunca apagues la luz', 'Rebecca es una joven que es perseguida desde niña por Diana, un ser extraño que sólo puede atacar en la oscuridad. El espíritu de Diana está relacionado con la madre de Rebecca. Ahora que se está convirtiendo en adulta, Diana va a por su hermano pequeño, Martin. Adaptación del corto de 2013, "Lights Out ", del mismo David F. Sandberg.', 'luz.jpg', 7),
(11, 'Sinister', 'Ellison (Ethan Hawke), es un periodista especializado en escribir artículos y novelas sobre casos de crímenes célebres. Para poder dedicarse a esta tarea en cuerpo y alma, ha instaurado una sistema de vida itinerante un tanto particular con su familia: se trasladan todos juntos de condado en condado para instalarse durante un tiempo en el lugar de los hechos y así poder investigar en profundidad cada uno de los casos.', 'sinister.jpg', 7),
(12, 'Ouija', 'Cuenta la historia de una madre viuda y sus dos hijas, quienes añaden un nuevo truco para reforzar su estafador negocio de espiritismo, invitando involuntariamente al auténtico demonio a entrar en su casa. Cuando la hija pequeña, es poseída por este espíritu despiadado, la familia se tendrá que enfrentar a sus temores más impensables para poder salvarla y enviar al diablo de vuelta al otro lado. ', 'ouija.jpg', 7),

(13, '¡Canta!', 'Buster Moon es un elegante koala que regenta un teatro que conoció tiempos mejores. Es un optimista nato, lo que está muy bien si no fuera un poco caradura, pero ama a su teatro con pasión y es capaz de cualquier cosa para salvarlo. Sabe que el sueño de su vida está a punto de desaparecer, y sólo tiene una oportunidad para mantenerlo a flote: organizar un concurso de canto y conseguir que sea un gran éxito. Entre los muchos candidatos aparecerán una cerdita ama de casa y otro cerdo muy animoso, una puercoespín rockera, un gorila bondadoso, un ratón presumido y una elefante muy tímida.', 'canta.jpg', 8),
(14, 'Spirit', 'Sigue las aventuras de un corcel mustang salvaje e ingobernable que recorre la indómita frontera norteamericana. Cuando encuentra a un hombre por primera vez, un joven de la tribu de los Lakota llamado Little Creek, Spirit se niega a dejarse domar por él pero sí se hace amigo suyo. El valiente corcel también encuentra el amor con una hermosa yegua llamada Rain. Spirit se conviertirá en uno de los grandes héroes anónimos del Viejo Oeste.', 'spirit.jpg', 8),

(15, 'Arrow', 'Serie de TV (2012-Actualidad). Adaptación libre de un personaje de DC Comics, playboy de día, que, durante la noche, usa su arco y sus flechas contra el crimen. Tras haber desaparecido y haber sido dado por muerto en un violento naufragio, el multimillonario playboy Oliver Queen es rescatado con vida cinco años después en una isla del Pacífico. Una vez en casa, su madre, su hermana y su mejor amigo notan que la terrible experiencia sufrida lo ha cambiado profundamente. Él, por su parte, trata de ocultar la verdad sobre sí mismo, pero se propone enmendar los errores que cometió en el pasado. Con la ayuda de su fiel chófer y guardaespaldas, vuelve a su antigua vida de mujeriego despreocupado, pero, en secreto, crea el personaje de un justiciero encapuchado que lucha contra el mal. ', 'arrow.jpg', 9),
(16, 'The Flash', 'Barry Allen perdió a su madre con tan sólo 11 años cuando fue asesinada y su padre cargo con el crimen, siendo condenado injustamente. Años más tarde, Barry se convierte en un excelente investigador gracias a su mente privilegiada, algo que aprovecha para intentar averiguar lo que realmente ocurrió en el asesinato de su madre. Sin embargo, todo cambiará cuando sea alcanzado por un rayo mientras trabajaba en un proyecto de acelerador de partículas. Después de estar nueve meses en coma, Barry Allen se despierta y ya no es el mismo. El rayo le ha dotado de una velocidad sobrenatural.', 'flash.jpg', 9),
(17, 'Iron Fist', 'El multimillonario Danny Rand (Finn Jones) regresa a Nueva York, tras haber estado desaparecido durante años tratando de reconectar con su pasado y su legado familiar. Sus conocimientos de kung-fu y su puño de hierro permitirán que Rand vuelva para controlar el crimen de la ciudad.', 'fist.jpg', 9),

(18, 'Por 13 razones', 'El adolescente Clay Jensen (Dylan Minnette) vuelve un día a casa después del colegio y encuentra una misteriosa caja con su name. Dentro descubre una cinta grabada por Hannah Baker (Katherine Langford), una compañera de clase por la que sentía algo especial y que se suicidó tan solo dos semanas atrás. En la cinta, Hannah cuenta que hay trece razones por las que ha decidido quitarse la vida. ¿Será Clay una de ellas? Si lo escucha, tendrá oportunidad de conocer cada motivo de su lista.', 'razones.jpg', 10),
(19, 'Pequeñas Mentirosas', 'Serie de TV (2010-2017). 7 temporadas. 160 episodios. En la idílica población de Rosewood, cuatro amigas -Aria, Spencer, Hanna y Emily- se reúnen un año después de que la “líder” del grupo, Alison (Sasha Pieterse), haya desaparecido misteriosamente. Las cuatro tienen además algo en común y es que están recibiendo mensajes de un anónimo que conoce los secretos que sabía Alison. Todo comienza cuando el cuerpo de la joven aparece, pero el anónimo sigue enviando mensajes a las protagonistas.', 'pequeñas.jpeg', 10),

(20, 'Naruto Shippuden', 'Serie de TV (2007-2017). 500 episodios. La historia rodea a un mayor y un poco más maduro Naruto Uzumaki y su aventura para rescatar a su amigo Sasuke Uchiha de las garras del Orochimaru, antes de que este utilize el cuerpo de su amigo. Sakura también se unirá a su viaje, por la que comienza a entrenar con Tsunade. Tras 2 años y medio entrenando con Jiraiya, Naruto regresa a Konoha, y se decide alcanzar su sueño de una buena vez, aunque no será nada fácil. Ahora ha formado más enemigos dentro de la Organización Shinobi, Akatsuki; que siguen buscando el demonio en su interior. Ahora, 3 años después de los eventos de "Naruto", el viaje del muchacho para volverse Hokage continúa... ', 'naruto.jpg', 11),
(21, 'Dragon Ball Super', 'Serie de TV (2015-Actualidad). Más de 70 episodios. Tras derrotar a Magin Boo, Goku y sus amigos tienen una vida de lo más pacífica: Goku ahora se dedica a la agricultura, aunque siempre encuentra un rato para seguir entrenando; Mister Satan se ha hecho famoso como gran salvador de la Humanidad; Trunks y Goten hacen cosas de niños; Goan y Videl se han casado; y Vegeta pasa unas vacaciones en familia. Pero algo que cambiará su destino está a punto de ocurrir. Mientras se reúnen para celebrar el cumpleaños de Bulma, el dios de la Destrucción ha despertado y se está dedicando a lo que mejor se le da: aniquilar planetas… y acaba de descubrir la Tierra. Una vez más, Goku necesitará la ayuda de sus amigos para convertirse en el legendario Super Saiyan y poder así derrotar al Dios de la Destrucción.', 'dragon.jpg', 11),
(22, 'Detective Conan', 'Serie de TV (1996-Actualidad). Más de 680 episodios. Shinichi Kudo es un joven detective que consigue esclarecer cualquier misterio, por difícil que sea. Un día, nuestro protagonista descubre los maléficos planes de una peligrosa organización criminal y es envenenado. Sin embargo, el veneno no lo mata, sino que por accidente, lo encoge y lo convierte en un niño de apenas 6 años. Atrapado en este cuerpo, Shinichi, bajo el seudónimo de Conan Edogawa, deberá resolver los casos más difíciles mientras intenta encontrar un antídoto que lo devuelva a la normalidad y hacer lo posible para que su amiga, Ran Mouri, no sospeche quién es realmente el sabiondo Conan', 'conan.jpg', 11);

INSERT INTO CMS_PICTURES (picture_id, picture, description, article_id) VALUES

(1, 'iron-man(imagen1).jpg', '', 1),
(2, 'iron-man(imagen2).jpeg', '', 1),
(3, 'iron-man(imagen3).jpg', '', 1),
(4, 'iron-man(imagen4).jpg', '', 1),
(5, 'iron-man(imagen5).jpg', '', 1),

(6, 'capitan(imagen1).jpeg', '', 2),
(7, 'capitan(imagen2).jpg', '', 2),
(8, 'capitan(imagen3).jpg', '', 2),
(9, 'capitan(imagen4).jpg', '', 2),
(10, 'capitan(imagen5).jpg', '', 2),

(11, 'batman(imagen1).jpg', '', 3),
(12, 'batman(imagen2).jpg', '', 3),
(13, 'batman(imagen3).jpg', '', 3),
(14, 'batman(imagen4).jpg', '', 3),
(15, 'batman(imagen5).jpg', '', 3),

(16, 'narnia(imagen1).jpg', '', 4),
(17, 'narnia(imagen2).jpg', '', 4),

(18, 'animales(imagen1).jpg', '', 5),
(19, 'animales(imagen2).jpg', '', 5),
(20, 'animales(imagen3).jpg', '', 5),

(21, 'gigante(imagen1).jpg', '', 6),
(22, 'gigante(imagen2).jpg', '', 6),
(23, 'gigante(imagen3).jpg', '', 6),

(24, 'antes(imagen1).jpg', '', 7),
(25, 'antes(imagen2).jpg', '', 7),
(26, 'antes(imagen3).jpg', '', 7),

(27, 'estrella(imagen1).jpg', '', 8),
(28, 'estrella(imagen1).jpg', '', 8),

(29, 'papel(imagen1).jpg', '', 9),
(30, 'papel(imagen2).jpg', '', 9),
(31, 'papel(imagen3).jpg', '', 9),

(32, 'luz(imagen1).jpg', '', 10),
(33, 'luz(imagen2).jpg', '', 10),
(34, 'luz(imagen3).jpg', '', 10),

(35, 'sinister(imagen1).jpg', '', 11),
(36, 'sinister(imagen2).jpg', '', 11),
(37, 'sinister(imagen3).jpg', '', 11),

(38, 'ouija(imagen1).jpg', '', 12),
(39, 'ouija(imagen2).jpg', '', 12),

(40, 'canta(imagen1).jpg', '', 13),
(41, 'canta(imagen2).jpg', '', 13),
(42, 'canta(imagen3).jpg', '', 13),

(43, 'spirit(imagen1).jpg', '', 14),
(44, 'spirit(imagen2).jpg', '', 14),

(45, 'arrow(imagen1).jpg', '', 15),
(46, 'arrow(imagen2).jpg', '', 15),

(47, 'flash(imagen1).jpg', '', 16),
(48, 'flash(imagen2).jpg', '', 16),

(49, 'fist(imagen1).jpg', '', 17),

(50, 'razones(imagen1).jpg', '', 18),
(51, 'razones(imagen2).jpg', '', 18),
(52, 'razones(imagen3).jpg', '', 18),

(53, 'pequeñas(imagen1).jpg', '', 19),
(54, 'pequeñas(imagen2).jpg', '', 19),
(55, 'pequeñas(imagen3).jpg', '', 19),

(56, 'naruto(imagen1).jpg', '', 20),
(57, 'naruto(imagen2).jpg', '', 20),
(58, 'naruto(imagen3).jpg', '', 20),

(59, 'dragon(imagen1).jpg', '', 21),
(60, 'dragon(imagen2).jpg', '', 21),

(61, 'conan(imagen1).jpg', '', 22),
(62, 'conan(imagen2).jpg', '', 22);

INSERT INTO CMS_LINKS (link_id, name, link, article_id) VALUES

(1, 'Trailer', 'https://www.youtube.com/watch?v=6Cl8PmVm3YE', 1),
(2, 'Filmaffinity', 'http://www.filmaffinity.com/es/film973071.html', 1),
(3, 'Wikipedia', 'https://es.wikipedia.org/wiki/Iron_Man_3', 1),

(4, 'Trailer', 'https://www.youtube.com/watch?v=LuOLcuKVFwY', 2),
(5, 'Filmaffinity', 'http://www.filmaffinity.com/es/film712492.html', 2),
(6, 'Wikipedia', 'https://es.wikipedia.org/wiki/Capit%C3%A1n_Am%C3%A9rica:_Civil_War', 2),

(7, 'Trailer', 'https://www.youtube.com/watch?v=zrXP6TYK8rY', 3),
(8, 'Filmaffinity', 'http://www.filmaffinity.com/es/film867354.html', 3),
(9, 'Wikipedia', 'https://es.wikipedia.org/wiki/The_Dark_Knight', 3),

(10, 'Trailer', 'https://www.youtube.com/watch?v=WWDIUT0ut3M', 4),
(11, 'Filmaffinity', 'http://www.filmaffinity.com/es/film366537.html', 4),
(12, 'Wikipedia', 'https://es.wikipedia.org/wiki/Las_Cr%C3%B3nicas_de_Narnia', 4),

(13, 'Trailer', 'https://www.youtube.com/watch?v=US2LnWrrCq4', 5),
(14, 'Filmaffinity', 'http://www.filmaffinity.com/es/film215415.html', 5),
(15, 'Wikipedia', 'https://es.wikipedia.org/wiki/Animales_fant%C3%A1sticos_y_d%C3%B3nde_encontrarlos', 5),

(16, 'Trailer', 'https://www.youtube.com/watch?v=iy0ULGtOw8o', 6),
(17, 'Filmaffinity', 'http://www.filmaffinity.com/es/film859120.html', 6),
(18, 'Wikipedia', 'https://es.wikipedia.org/wiki/The_BFG_(pel%C3%ADcula)', 6),

(19, 'Trailer', 'https://www.youtube.com/watch?v=y-tS4DcM-Ug', 7),
(20, 'Filmaffinity', 'http://www.filmaffinity.com/es/film498304.html', 7),
(21, 'Wikipedia', 'https://es.wikipedia.org/wiki/Yo_antes_de_ti_(pel%C3%ADcula)', 7),

(22, 'Trailer', 'https://www.youtube.com/watch?v=kNzkVByBle4', 8),
(23, 'Filmaffinity', 'http://www.filmaffinity.com/es/film550582.html', 8),
(24, 'Wikipedia', 'https://es.wikipedia.org/wiki/Bajo_la_misma_estrella', 8),

(25, 'Trailer', 'https://www.youtube.com/watch?v=pZUdiPBGqRU', 9),
(26, 'Filmaffinity', 'http://www.filmaffinity.com/es/film507788.html', 9),
(27, 'Wikipedia', 'https://es.wikipedia.org/wiki/Ciudades_de_papel', 9),

(28, 'Trailer', 'https://www.youtube.com/watch?v=w1VXHtIqrYU', 10),
(29, 'Filmaffinity', 'http://www.filmaffinity.com/es/film440532.html', 10),
(30, 'Wikipedia', 'https://es.wikipedia.org/wiki/Lights_Out_(pel%C3%ADcula_de_2016)', 10),

(31, 'Trailer', 'https://www.youtube.com/watch?v=pUklYZdiycQ', 11),
(32, 'Filmaffinity', 'http://www.filmaffinity.com/es/film262844.html', 11),
(33, 'Wikipedia', 'https://es.wikipedia.org/wiki/Sinister', 11),

(34, 'Trailer', 'https://www.youtube.com/watch?v=hEsJwy3OBi4', 12),
(35, 'Filmaffinity', 'http://www.filmaffinity.com/es/film466142.html', 12),
(36, 'Wikipedia', 'https://es.wikipedia.org/wiki/Ouija:_Origin_of_Evil', 12),

(37, 'Trailer', 'https://www.youtube.com/watch?v=vMmvUM4h4Xc', 13),
(38, 'Filmaffinity', 'http://www.filmaffinity.com/es/film990902.html', 13),
(39, 'Wikipedia', 'https://es.wikipedia.org/wiki/Sing_(pel%C3%ADcula)', 13),

(40, 'Trailer', 'https://www.youtube.com/watch?v=P5UPFnGW384', 14),
(41, 'Filmaffinity', 'http://www.filmaffinity.com/es/film462506.html', 14),
(42, 'Wikipedia', 'https://es.wikipedia.org/wiki/Spirit:_el_corcel_indomable', 14),

(43, 'Trailer', 'https://www.youtube.com/watch?v=uFdqDMxlx88', 15),
(44, 'Filmaffinity', 'http://www.filmaffinity.com/es/film940262.html', 15),
(45, 'Wikipedia', 'https://es.wikipedia.org/wiki/Arrow', 15),

(46, 'Trailer', 'https://www.youtube.com/watch?v=_l9HkDJnwLw', 16),
(47, 'Filmaffinity', 'http://www.filmaffinity.com/es/film862555.html', 16),
(48, 'Wikipedia', 'https://es.wikipedia.org/wiki/The_Flash_(serie_de_televisi%C3%B3n_de_2014)', 16),

(49, 'Trailer', 'https://www.youtube.com/watch?v=XOiuiSF0h30', 17),
(50, 'Filmaffinity', 'http://www.filmaffinity.com/es/film120318.html', 17),
(51, 'Wikipedia', 'https://es.wikipedia.org/wiki/Iron_Fist_(serie_de_televisi%C3%B3n)', 17),

(52, 'Trailer', 'https://www.youtube.com/watch?v=wyY_zgJv_Rs', 18),
(53, 'Filmaffinity', 'http://www.filmaffinity.com/es/film999360.html', 18),
(54, 'Wikipedia', 'https://es.wikipedia.org/wiki/Por_trece_razones', 18),

(55, 'Trailer', 'https://www.youtube.com/watch?v=-1mqgKH2u18', 19),
(56, 'Filmaffinity', 'http://www.filmaffinity.com/es/film674963.htmlhttps://es.wikipedia.org/wiki/Pretty_Little_Liars', 19),
(57, 'Wikipedia', 'https://es.wikipedia.org/wiki/Pretty_Little_Liars', 19),

(58, 'Trailer', 'https://www.youtube.com/watch?v=RnBbUGS4DFY', 20),
(59, 'Filmaffinity', 'http://www.filmaffinity.com/es/film271963.html', 20),
(60, 'Wikipedia', 'https://es.wikipedia.org/wiki/Naruto', 20),

(61, 'Trailer', 'https://www.youtube.com/watch?v=4X1IKvLpCws', 21),
(62, 'Filmaffinity', 'http://www.filmaffinity.com/es/film444182.html', 21),
(63, 'Wikipedia', 'https://es.wikipedia.org/wiki/Dragon_Ball_Super', 21),

(64, 'Trailer', 'https://www.youtube.com/watch?v=NiBx8YAMeYA', 22),
(65, 'Filmaffinity', 'http://www.filmaffinity.com/es/film235504.html', 22),
(66, 'Wikipedia', 'https://es.wikipedia.org/wiki/Detective_Conan', 22);

INSERT INTO CMS_TYPE_OF_USERS (type_id, type_user) VALUES
(1, 'administrador'),
(2, 'usuario');

INSERT INTO CMS_USERS (user_id, username, name, surname, email, telephon, address, password, type_id) VALUES
(1, 'pepito24', 'Pepe', 'Garcia Garcia', 'pepe123@gmail.com', 964585296, 'C/De Mentira 555', '12345', 1),
(2, 'ivan27', 'Ivan', 'Cordoba Donet', 'ivan27@gmail.com', 963485214, 'Av Sin name 111','12345', 2);